;Q13_On the Electronic Note Book->-I knew OneNote before the course.;Q13_On the Electronic Note Book->-I find OneNote a useful app for the elaboration of the course Notebook.;Q13_On the Electronic Note Book->-I think we had enough previous information about the use of OneNote for the course laboratory notebook.;Q13_On the Electronic Note Book->-I would prefer other applications like Evernote, Google Docs, or MS Word.;Q13_On the Electronic Note Book->-The structure of the Notebook in Sections, Pages, and Subpages was easy to understand and use.;Q13_On the Electronic Note Book->-I would recommend to use OneNote for the ELN next year.;Q14_On the Electronic Note Book->-It overall allowed us to save time through the whole course.;Q14_On the Electronic Note Book->-It helped us in the preparation of the final version to be presented.;Q14_On the Electronic Note Book->-It made it easier working in groups.;Q14_On the Electronic Note Book->-It could be useful for other practical courses.;Q15_On the Electronic Note Book->-Synchronization issues hindered our team-working.;Q15_On the Electronic Note Book->-Conflicts of versions were very frequent.;Q15_On the Electronic Note Book->-Access to the ELN was slow.;Q15_On the Electronic Note Book->-We missed several word-processing features.;Q15_On the Electronic Note Book->-Some features of the application did not work properly.;Q16_On the Electronic Note Book->-The template helped us to prepare the final version of the notebook.;Q16_On the Electronic Note Book->-The structure of the template matches the evaluation rubric.;Q16_On the Electronic Note Book->-The structure of 4 independent notes helped to understand each step of the work in a research lab.;Q16_On the Electronic Note Book->-The word limit in some sections of the template is appropriate (1;Q16_On the Electronic Note Book->-We had to modify some sections of the template to suit our experimental work.;Q16_On the Electronic Note Book->-The template will facilitate an even evaluation.;Q16_On the Electronic Note Book->-The use of an ELN with OneNote in this course will help us in future laboratory work (TFG, TFM, etc.).;Q17_final_Open On the ELN
2019-20;1,00;3,00;3,00;3,00;5,00;3,00;3,00;4,00;4,00;4,00;5,00;5,00;3,00;5,00;2,00;4,00;4,00;4,00;5,00;2,00;4,00;2,00;"- Los ""cambios conflictivos"" hicieron que a algunos compañeros les desaparecieran cambios que habían hecho en sus documentos.- Mientras que el límite de palabras es útil para el background, debería ser más flexible para la discusión de los resultados y de futuros experimentos."
2019-20;1,00;5,00;1,00;3,00;3,00;5,00;5,00;4,00;5,00;5,00;3,00;3,00;2,00;3,00;4,00;5,00;5,00;5,00;3,00;1,00;5,00;5,00;"OneNote ha sido muy útil pero debería de darse antes de la realización de las prácticas un pequeño curso introductorio más extenso que las simples directrices que nos comunicasteis el primer día.&nbsp;Creo que debería de tener un porcentaje sobre la nota, aunque mínimo, la implicación de cada uno en el cuaderno de laboratorio, es decir, la cantidad que abarca cada uno dentro del cuaderno y el tiempo diario que le dedica.&nbsp;"
2019-20;1,00;4,00;2,00;4,00;5,00;4,00;2,00;4,00;4,00;4,00;3,00;4,00;1,00;3,00;3,00;5,00;4,00;4,00;3,00;4,00;4,00;4,00;"Me parece que una de las cosas más útiles de OneNote ha sido poder consultar los cuadernos de otros grupos ya que había experimentos que se solapaban y poder consultar su protocolos y sobretodo sus conclusiones, las cuales afectaban a nuestros experimentos es muy útil. Además el tener las plantillas nos ha ayudado mucho entre los tres integrantes del grupo para estar de acuerdo en como orientar el cuaderno.&nbsp;En cuanto a aspectos negativos, lo único a mencionar es la velocidad de coordinación de los cambios conflictivos. Pero en conjunto bastante bien.&nbsp;"
2019-20;1,00;3,00;2,00;3,00;5,00;4,00;4,00;4,00;4,00;4,00;3,00;4,00;2,00;2,00;3,00;5,00;4,00;4,00;3,00;4,00;4,00;5,00;"El único problema que veo del Onenote es que no permite modificar adecuadamente las imágenes o figuras que se deben de añadir al cuaderno y por ello se tiene que utilizar otras aplicaciones para estos casos.&nbsp;"
2019-20;2,00;5,00;5,00;2,00;4,00;5,00;5,00;5,00;5,00;5,00;2,00;2,00;1,00;4,00;3,00;4,00;3,00;4,00;3,00;3,00;5,00;5,00;"No es justo que la gente se pueda copiar... en el caso de transcripción que todos hemos hecho el mismo experimento he sido consciente de que otros grupos copiaban imágenes que había diseñado yo tal cual en sus cuadernos, copiaban el protocolo, los materiales, la discusión, los futuros experimentos... Y es verdad que puede ser positivo en algunos aspectos: aprender más sobre lo que hacen otros grupos, lo que te da ideas nuevas, te ayuda a mejorar... pero considero que, con todo, los aspectos negativos superan a los positivos, ya que ver que te están copiando y nadie se va a dar cuenta (porque no se sabe quién lo ha escrito primero) no me parece muy justo.&nbsp;"
2019-20;5,00;4,00;2,00;3,00;5,00;3,00;2,00;4,00;2,00;3,00;5,00;5,00;2,00;5,00;3,00;5,00;5,00;5,00;3,00;1,00;5,00;3,00;
2019-20;1,00;2,00;3,00;5,00;1,00;2,00;2,00;2,00;2,00;2,00;3,00;2,00;4,00;2,00;3,00;2,00;5,00;2,00;3,00;1,00;4,00;2,00;
2019-20;1,00;4,00;3,00;5,00;4,00;3,00;4,00;5,00;4,00;3,00;5,00;5,00;2,00;4,00;3,00;2,00;3,00;4,00;1,00;4,00;4,00;3,00;Pros: online, estructurado, etc.Cons: ha habido problemas de sincronización, tanto entre miembros del grupo como entre una misma persona, por alguna razón. Teníamos que trabajar en hojas separadas o en word y ponernos de acuerdo para utilizar una sola persona cada página al mismo tiempo, para que no hubiese problemas. El tema del formato en onenote es incómodo, y en algunas versiones de onenote no se pueden editar algunas cosas.En general la idea está bien, si se pudiese encontrar una alternativa distinta que hiciese lo mismo o similar, pero que no tuviese estos inconvenientes, estaría mucho mejor.
2019-20;1,00;3,00;3,00;5,00;5,00;3,00;1,00;2,00;4,00;3,00;4,00;5,00;5,00;5,00;5,00;5,00;5,00;4,00;3,00;3,00;4,00;4,00;"Al pasar el contenido de One Note a PDF o word, el formato no coincidía, se desordenaba todo. Por ello, ahora tenemos que emplear bastante tiempo en reordenarlo todo.&nbsp;"
2019-20;5,00;5,00;3,00;1,00;5,00;5,00;5,00;5,00;5,00;5,00;4,00;4,00;3,00;1,00;1,00;5,00;5,00;5,00;3,00;1,00;5,00;5,00;
2019-20;1,00;5,00;4,00;3,00;4,00;5,00;5,00;5,00;5,00;5,00;4,00;3,00;2,00;1,00;2,00;5,00;3,00;5,00;3,00;2,00;5,00;5,00;
2019-20;1,00;2,00;2,00;3,00;2,00;2,00;2,00;1,00;4,00;4,00;3,00;5,00;1,00;1,00;4,00;4,00;4,00;4,00;3,00;4,00;5,00;2,00;
2019-20;5,00;4,00;3,00;1,00;2,00;4,00;5,00;4,00;4,00;4,00;5,00;5,00;5,00;4,00;5,00;5,00;3,00;4,00;3,00;4,00;2,00;5,00;
2019-20;4,00;5,00;4,00;3,00;4,00;4,00;4,00;3,00;4,00;4,00;2,00;2,00;3,00;4,00;4,00;5,00;4,00;4,00;2,00;5,00;4,00;4,00;"Muy a favor del uso de esta herramienta. La conocía pero no la había usado nunca. Nos ha ayudado mucho y apenas hubo problemas de sincronización y de conflitos de versiones.&nbsp;La seguiré usando en el futuro."
2019-20;1,00;3,00;4,00;4,00;5,00;4,00;3,00;3,00;5,00;4,00;3,00;3,00;1,00;2,00;4,00;4,00;5,00;4,00;4,00;1,00;5,00;4,00;
2019-20;5,00;4,00;4,00;3,00;5,00;5,00;3,00;4,00;5,00;3,00;5,00;5,00;4,00;5,00;4,00;5,00;3,00;5,00;4,00;1,00;4,00;4,00;
2019-20;1,00;4,00;3,00;1,00;1,00;4,00;4,00;3,00;5,00;4,00;4,00;5,00;2,00;4,00;3,00;3,00;2,00;1,00;3,00;4,00;3,00;3,00;"El cuaderno de laboratorio de One Note tenía demasiados apartados confusos entre ellos y no era nada claro de identificar qué iba en cada uno de ellos, algunas son redundantes.AL haber tantos apartados la carga de trabajo es enorme, al tener 4 experimentos se tienen 16 cuadernos, y llevar al día 16 cuadernos y tenerlos a punto en 3 semanas es bastante complicado.&nbsp;A veces se mueven los contenidos y es un lio estar colócandolos"
2019-20;2,00;5,00;4,00;3,00;4,00;5,00;4,00;5,00;5,00;5,00;2,00;3,00;2,00;1,00;2,00;5,00;5,00;5,00;3,00;2,00;4,00;5,00;"Para el trabajo del día a día me ha parecido muy útil ya que nos permitía meter la información correspondiente a todos los integrantes del grupo con lo que ahorrábamos mucho tiempo.&nbsp;Además, al encontrarse en la nube no podíamos perder la información correspondiente, lo que nos daba mucha seguridad en este aspecto.&nbsp;Para mi su utilidad es esencialmente de trabajo diario mientras que para hacer la versión final me era más fácil pasar la información a un word para organizar la disposición de los párrafos, las páginas necesarias...&nbsp;"
2019-20;5,00;4,00;4,00;2,00;5,00;5,00;4,00;3,00;5,00;5,00;4,00;4,00;3,00;5,00;5,00;4,00;4,00;3,00;3,00;3,00;4,00;4,00;"Pros: facilita trabajar en equipo desde casa. Es cómodo y tiene funciones útiles.Contras: algunas funciones presentes en el word a la ahora de editar imágenes o tablas no están en el one note, lo que dificulta la edición. En ocasiones se bloquea al entrar desde algunos equipos.&nbsp;"
2019-20;1,00;3,00;2,00;4,00;4,00;3,00;3,00;3,00;4,00;4,00;1,00;3,00;4,00;3,00;5,00;2,00;4,00;4,00;3,00;3,00;4,00;4,00;"En mi opinión, con One Note, aunque es muy práctico, se pierden ciertas herramientas de edición que podrían ser útiles a la hora de presentar un cuaderno de laboratorio.Por otro lado, la organización del ""Template"" resulta confusa en ocasiones. Pienso que no es posible ni necesaria una homogeneidad completa en la estructura del trabajo, sino que se deberían proponer una serie de puntos imprescindibles a reflejar en este, pero otorgar libertad a la hora de estructurarlo."
2019-20;1,00;5,00;3,00;1,00;3,00;4,00;2,00;3,00;4,00;3,00;3,00;3,00;2,00;2,00;3,00;4,00;4,00;4,00;3,00;3,00;3,00;3,00;
2019-20;1,00;2,00;4,00;3,00;4,00;3,00;3,00;3,00;4,00;3,00;3,00;2,00;2,00;2,00;3,00;2,00;2,00;1,00;3,00;3,00;3,00;1,00;
2019-20;1,00;2,00;3,00;5,00;5,00;1,00;4,00;2,00;2,00;1,00;5,00;4,00;1,00;5,00;3,00;3,00;4,00;5,00;2,00;4,00;3,00;3,00;"El principal inconveniente era que no nos dejaba escribir a varias personas a la vez en el mismo apartado, y si lo hacíamos acababa borrandose la parte escrita y perdiendo esta información, siendo imposible de recuperar. Además, la sincronización era muy lenta.&nbsp;Por otro lado, la plantilla era muy útil para saber donde escribir cada apartado, aunque algunos eran un poco confusos. También es muy favorable que los profesores puedan verlo en todo momento y añadirnos comentarios, aunque se habría agradecido que se hubieran realizado más aportaciones pro su parte para mejorar el cuaderno."
2019-20;1,00;4,00;1,00;3,00;2,00;4,00;1,00;3,00;4,00;4,00;4,00;3,00;5,00;4,00;4,00;3,00;3,00;3,00;1,00;4,00;4,00;3,00;
2019-20;1,00;3,00;4,00;5,00;4,00;3,00;3,00;4,00;3,00;2,00;4,00;3,00;2,00;2,00;4,00;3,00;3,00;3,00;2,00;1,00;4,00;4,00;Las herramientas que utiliza son un poco malas en comparación con el Word, el hecho de que no puedas desplazar las tablas, justificar el texto...
2019-20;1,00;2,00;2,00;3,00;5,00;5,00;2,00;2,00;2,00;3,00;5,00;2,00;3,00;1,00;3,00;4,00;4,00;5,00;3,00;1,00;4,00;3,00;Es una herramienta útil para poder observar el trabajo realizado por otros grupos lo que ayuda a nuestro trabajo en el laboratorio, sin embargo, presenta problemas de sincronización de vez en cuando y resulta imposible escribir varias personas del grupo al mismo tiempo debido a que los cambios no se guardan. Tampoco permite una estructuración adecuada de las imágenes y tablas lo que provoca que se genere un documento demasiado extenso complicado de visualizar.
2019-20;5,00;3,00;2,00;3,00;5,00;4,00;3,00;2,00;4,00;2,00;5,00;5,00;4,00;3,00;4,00;5,00;3,00;4,00;3,00;2,00;5,00;5,00;"OneNote funciona bien para trabajar en grupos cuando las personas del grupo no están escribiendo sobre la misma sección, ya que el tiempo de sincronización es muy lento. además, no me parece justo poder ver el cuaderno de otros grupos cuando estos grupos están realizando el mismo experimento, ya que se pueden copiar de lo escrito por otros grupos. por ejemplo, se pueden copiar los resultados o simplemente el procedimiento a través del cual los resultados se adquirieron sin dedicar tiempo a pensar.&nbsp;"
2019-20;1,00;3,00;5,00;4,00;5,00;2,00;5,00;5,00;5,00;4,00;4,00;4,00;4,00;5,00;3,00;4,00;4,00;4,00;3,00;1,00;4,00;3,00;
2019-20;2,00;2,00;3,00;5,00;4,00;2,00;4,00;5,00;5,00;5,00;3,00;2,00;4,00;3,00;4,00;4,00;4,00;3,00;3,00;2,00;4,00;3,00;
2019-20;5,00;4,00;2,00;1,00;5,00;5,00;5,00;5,00;5,00;4,00;5,00;4,00;1,00;5,00;5,00;4,00;4,00;3,00;4,00;4,00;4,00;5,00;Nuestro mayor problema han sido los problemas de sincronización y diversas versiones entre miembros del grupo. Otra cosa negativa ha sido la falta de funciones de word
2019-20;1,00;3,00;4,00;1,00;4,00;4,00;3,00;5,00;5,00;5,00;4,00;4,00;3,00;2,00;3,00;3,00;4,00;2,00;1,00;1,00;4,00;3,00;"Es útil para trabajar en equipo con el mismo experimento y además poder ver el del resto. A veces la sincronización era un poco lenta y a la hora por ejemplo de recargar la página o poner imágenes tardaba mucho tiempo. Algunos de los apartados, como el primero (diseño experimental, protocolo...) o el de resultados (que aparecía hasta en 3 ocasiones) en nuestra opinión solapaban mucho y no sabíamos bien que poner en cada uno.&nbsp;&nbsp;"
2019-20;5,00;4,00;4,00;3,00;5,00;4,00;4,00;5,00;5,00;4,00;3,00;2,00;3,00;3,00;2,00;5,00;4,00;4,00;3,00;1,00;4,00;4,00;
2019-20;1,00;5,00;2,00;3,00;4,00;5,00;4,00;5,00;5,00;4,00;2,00;3,00;3,00;1,00;2,00;4,00;3,00;5,00;3,00;3,00;3,00;4,00;Pro: poder ver el trabajo del resto de grupos para aprender de nuestros compañeros.
2019-20;2,00;4,00;3,00;1,00;5,00;5,00;5,00;4,00;5,00;5,00;4,00;4,00;3,00;3,00;3,00;5,00;5,00;5,00;4,00;1,00;5,00;5,00;"Aún cuando muchas funcionaba mal, es verdad que el poder presentar los resultados directamente online, además de a diario y poder compartirlo con los compañeros, es mucho más útil y más adaptado a la vida real en la que vivimos ahora.&nbsp;"
2019-20;2,00;4,00;3,00;3,00;3,00;4,00;4,00;3,00;5,00;4,00;5,00;5,00;4,00;3,00;4,00;4,00;3,00;2,00;3,00;5,00;1,00;3,00;Ventajas: sincronización a tiempo real de manera que vemos el trabajo de todos y no hay manera de perder el trabajo ya que s eguarda en la red.Desventajas: se quedaba colgada la aplicacion en diversas ocasiones
2019-20;5,00;5,00;3,00;2,00;4,00;5,00;5,00;5,00;5,00;5,00;1,00;2,00;2,00;2,00;3,00;5,00;5,00;5,00;3,00;2,00;4,00;4,00;
2019-20;1,00;4,00;1,00;3,00;4,00;5,00;5,00;5,00;5,00;5,00;4,00;4,00;5,00;1,00;3,00;4,00;4,00;4,00;1,00;4,00;3,00;4,00;Es un buen sistema para compartir documentos y mantener un diario de progreso, pero es un terrible editor de texto y complica mucho el compartir otro tipo de formatos.
2019-20;1,00;4,00;2,00;5,00;5,00;2,00;4,00;5,00;2,00;3,00;5,00;5,00;4,00;5,00;3,00;5,00;4,00;5,00;3,00;4,00;5,00;4,00;No podíamos escribir los distintos miembros del grupo a la vez (al contrario que en one drive donde sí se puede), ya que si lo hacíamos había conflictos y no se guardaban los cambios. En ocasiones, aunque estuviera yo solo trabajando en one note, no se guardaban lls cambios. Es difícil colocar las fotos (por ejemplo no puedes poner una al lado de otra) y luego al copiar el contenido de la nota a word las fotos no se copiaban, por lo que debía copiarlas una a una, lo cual consumía mucho tiempo.
2019-20;2,00;2,00;1,00;5,00;4,00;3,00;1,00;3,00;4,00;3,00;4,00;5,00;4,00;4,00;4,00;3,00;4,00;4,00;3,00;3,00;3,00;3,00;"A la hora de pasar el documento de one note a word o pdf tardamos mucho más de lo esperado, pues no se conservaban los formatos&nbsp;"
2019-20;1,00;4,00;3,00;3,00;1,00;4,00;4,00;4,00;4,00;4,00;4,00;3,00;3,00;3,00;4,00;4,00;3,00;1,00;3,00;4,00;3,00;4,00;
2019-20;1,00;3,00;2,00;4,00;3,00;3,00;3,00;3,00;4,00;4,00;4,00;4,00;3,00;4,00;3,00;3,00;3,00;3,00;3,00;3,00;4,00;4,00;"Los cambios conflictivos provocaban que se borraran algunas cosas de nuestro trabajo.&nbsp;"
2019-20;1,00;4,00;4,00;4,00;3,00;5,00;4,00;4,00;4,00;4,00;2,00;2,00;2,00;5,00;3,00;5,00;5,00;4,00;4,00;1,00;1,00;4,00;
2019-20;1,00;4,00;2,00;2,00;3,00;4,00;4,00;3,00;4,00;4,00;3,00;2,00;1,00;2,00;2,00;4,00;4,00;3,00;3,00;2,00;4,00;4,00;Pros:Tener los contenidos online y sincronizados permite al resto de miembros ver cómo va la parte de cada uno, y permite estar al tanto y echar una mano a los compañeros del grupo de 3.Está bien que se puedan ver los cuadernos de los otros grupos para ver cómo van avanzando.Contras:Los cuadernos deberían poder protegerse, con el objetivo de evitar que el resto de grupos copien directamente de otros cuadernos.El tiempo que cada miembro participa editando el cuaderno debería tener un porcentaje en la nota final del cuaderno.
2019-20;3,00;4,00;4,00;3,00;4,00;3,00;2,00;2,00;4,00;4,00;5,00;4,00;2,00;4,00;4,00;4,00;3,00;3,00;3,00;4,00;3,00;3,00;
2019-20;2,00;3,00;3,00;3,00;4,00;4,00;4,00;5,00;4,00;4,00;;;;;;4,00;4,00;3,00;4,00;2,00;4,00;3,00;Los cambios conflictivos continuos al estar los tres juntos en el Note
2019-20;1,00;2,00;5,00;4,00;4,00;2,00;2,00;1,00;2,00;2,00;3,00;5,00;4,00;5,00;2,00;5,00;4,00;2,00;3,00;2,00;3,00;4,00;"El OneNote ha funcionado bien pero se podrían probar otros sistemas como el MicrosoftTeams, o directamente el compartir un documento Word o cualquier archivo, que es más práctico a la hora de ya tenerlo en el formato final. (se puede hacer desde el documento en sí, arriba a la derecha compartir; funciona muy bien). Al final es lo que hemos terminado usando para pasar el informa a limpio."
2019-20;1,00;3,00;2,00;2,00;4,00;3,00;5,00;5,00;5,00;4,00;5,00;5,00;4,00;3,00;4,00;4,00;3,00;2,00;3,00;5,00;1,00;3,00;Cada profesor interpeta de forma distinta lo que hay que incluir en cada apartado. Sobre todo en los apatrtados de Experimental DEsign y Procedure, cada profesor ha interpretado un contenido distinto con el que debíamos completar.
2019-20;1,00;5,00;4,00;1,00;3,00;5,00;4,00;5,00;5,00;5,00;1,00;1,00;2,00;1,00;1,00;5,00;5,00;5,00;5,00;1,00;5,00;5,00;"No saber muy bien al principio qué escribir en cada sección, vendría bien una clase introductoria.&nbsp;"
2019-20;1,00;1,00;4,00;4,00;5,00;1,00;1,00;1,00;4,00;3,00;2,00;1,00;2,00;3,00;4,00;5,00;3,00;5,00;3,00;1,00;3,00;1,00;One note mueve las fotos y los textos solo y a veces borra cosas que acabas de escribir
2019-20;1,00;5,00;2,00;3,00;4,00;5,00;4,00;4,00;5,00;4,00;4,00;4,00;2,00;2,00;4,00;5,00;4,00;4,00;3,00;4,00;4,00;5,00;
2019-20;3,00;4,00;4,00;1,00;3,00;4,00;3,00;4,00;4,00;4,00;3,00;5,00;5,00;2,00;4,00;4,00;3,00;3,00;3,00;2,00;4,00;4,00;
2019-20;5,00;1,00;3,00;5,00;4,00;1,00;2,00;1,00;2,00;3,00;5,00;5,00;1,00;3,00;4,00;5,00;4,00;3,00;3,00;2,00;5,00;3,00;
2019-20;1,00;1,00;1,00;5,00;1,00;1,00;4,00;2,00;1,00;2,00;4,00;5,00;1,00;4,00;5,00;4,00;4,00;2,00;3,00;4,00;5,00;5,00;Lo que nos va a ayudar a la hora de hacer el cuaderno de laboratorio en el futuro no va a ser el hecho de haberlo hecho en OneNote, sino el simple hecho de haber hecho un cuaderno de laboratorio por primera vez.OneNote ha dado bastantes problemas de sincronización y procesamiento de texto, problemas a la hora de cargar imágenes y sobretodo problemas con las tablas. Es esencial cargar tablas en estas prácticas, por lo que esto ha dificultado bastante la realización del cuaderno. Además, hay cambios de formato continuos y se hace muy difícil unificar el formato del cuaderno para que quede limpio y agradable a la vista.
2019-20;1,00;2,00;3,00;5,00;5,00;2,00;2,00;2,00;3,00;3,00;5,00;5,00;2,00;3,00;4,00;5,00;5,00;3,00;3,00;1,00;5,00;2,00;
2019-20;2,00;3,00;3,00;4,00;2,00;4,00;5,00;5,00;4,00;4,00;5,00;5,00;5,00;4,00;5,00;5,00;4,00;3,00;2,00;1,00;3,00;4,00;
2019-20;1,00;5,00;3,00;3,00;2,00;4,00;4,00;3,00;4,00;5,00;5,00;2,00;1,00;1,00;3,00;4,00;3,00;2,00;4,00;2,00;4,00;3,00;"La plantilla tiene secciones redundantes (como protocolo y modificaciones del protocolo) en las que se pone lo mismo varias veces.&nbsp;Como ventaja, diría que no es necesario ajustar las tablas, figuras... a una página, por lo que es más sencillo de insertar. También añadir que el hecho de poder ver los cuadernos del resto de grupos te permite completar el cuaderno de una forma más completa. También permite colaborar con miembros de otros grupos (por ejemplo, puedes ver su protocolo y comparar resultados)."
2019-20;5,00;3,00;4,00;5,00;5,00;3,00;1,00;1,00;4,00;3,00;5,00;5,00;5,00;5,00;5,00;3,00;5,00;4,00;2,00;3,00;5,00;2,00;En general veo útil poder modificarlo online y que todos los miembros de grupo, los profesores, etc puedan verlo y escribir. Lo peor es el formato que hace muy dificil poder juntar luego el cuaderno y pasarlo a limpio, en ese sentido es complicado de manejar y se pierde mucho tiempo. Además, la sincronización no funciona muy bien y es algo lento.
2019-20;2,00;4,00;2,00;4,00;2,00;3,00;4,00;4,00;4,00;4,00;2,00;4,00;4,00;2,00;4,00;3,00;3,00;3,00;3,00;2,00;3,00;3,00;
2019-20;1,00;4,00;1,00;3,00;4,00;4,00;4,00;4,00;4,00;4,00;3,00;2,00;1,00;1,00;1,00;4,00;3,00;3,00;4,00;5,00;4,00;4,00;pros: facilita el trabajo en grupo e ir viendo lo que cada uno va haciendo lo que permite una organizacion unica del equipo y evitar confusiones o repeticiones del mismo trabajo dentro del mismo equipocons: puede ser un poco lento para pegar las fotos y el problema de pasarlo a PDF
2019-20;2,00;4,00;3,00;3,00;3,00;4,00;5,00;4,00;5,00;5,00;3,00;5,00;1,00;4,00;3,00;4,00;5,00;4,00;3,00;1,00;4,00;5,00;"Espero que no se tenga en cuenta quien hace el qué en el cuaderno ya que en cuanto se modifica, aunque en un principio lo haga uno, luego aparece que lo ha hecho el otro y no es relevante. Además de que cada uno hemos usado los ordenadores de los demás.&nbsp;Algo positivo es la capacidad de ir modificando el cuaderno a la vez, aunque eso también se puede conseguir en el Google drive, que creo que tiene un formato más similar al Word.No estaba muy claro lo que teníamos que poner en cada apartado, ya que había varios apartados para resultados por ejemplo."
2019-20;3,00;4,00;3,00;4,00;2,00;4,00;5,00;4,00;5,00;5,00;4,00;2,00;1,00;5,00;4,00;5,00;4,00;4,00;4,00;2,00;5,00;5,00;"One note para colocar imágenes no es la mejor aplicación. Por lo menos en la versión web no se podían mover las imágenes para ponerlas al lado del texto y pues luego tuvimos que pasar de one note a word para poder hacer ciertas modificaciones.&nbsp;"
2019-20;1,00;4,00;3,00;3,00;4,00;4,00;3,00;3,00;4,00;4,00;2,00;1,00;3,00;1,00;2,00;4,00;3,00;2,00;4,00;2,00;4,00;4,00;Preferiría un cuaderno con solo dos partes, una de planteamiento hipótesis.... y un segundo con datos crudos, procesados conclusiones y discusiones, ya que al tener 4 era confuso donde debía ir cada cosa, parecía que ciertas cosas había que ponerlas por duplicado y no quedaba claro que tenía que ir en que parte
2019-20;4,00;4,00;3,00;3,00;4,00;3,00;2,00;3,00;3,00;3,00;5,00;5,00;5,00;5,00;5,00;5,00;4,00;3,00;3,00;2,00;4,00;4,00;Había muchos cambios conflictivos y cuando estaba todo el mundo conectado iba muy lenta la conexión y sincronización.
2019-20;2,00;5,00;4,00;3,00;5,00;4,00;5,00;5,00;5,00;4,00;3,00;2,00;1,00;1,00;3,00;5,00;4,00;4,00;3,00;3,00;4,00;4,00;
2020-21;1,00;1,00;1,00;1,00;4,00;4,00;;;;;;;;;;3,00;4,00;3,00;3,00;2,00;4,00;3,00;
2020-21;1,00;1,00;3,00;5,00;3,00;1,00;2,00;2,00;2,00;2,00;4,00;5,00;5,00;5,00;5,00;4,00;4,00;3,00;1,00;4,00;4,00;1,00;"No recomiendo usarlo el año que viene, faltan muchas opciones, no funciona muchas veces y no se sincroniza bien, creado muchos conflictos. Google drive funciona mucho mejor.&nbsp;"
2020-21;1,00;1,00;1,00;5,00;1,00;1,00;5,00;5,00;5,00;5,00;4,00;2,00;2,00;2,00;5,00;5,00;5,00;5,00;5,00;5,00;5,00;5,00;
2020-21;1,00;1,00;1,00;5,00;4,00;1,00;1,00;4,00;4,00;2,00;3,00;3,00;5,00;5,00;5,00;4,00;4,00;5,00;2,00;4,00;4,00;1,00;No me ha gustado mucho esta herramienta. Algunos inconvenientes que he notado han sido: imposibilidad de editar dos personas a la vez el mismo documento, carga despacio, no permite cuadrar las imágenes como uno desea...
2020-21;3,00;1,00;1,00;5,00;1,00;1,00;1,00;1,00;1,00;1,00;5,00;5,00;3,00;5,00;3,00;3,00;3,00;1,00;2,00;5,00;1,00;1,00;
2020-21;1,00;4,00;2,00;3,00;2,00;3,00;4,00;4,00;4,00;4,00;4,00;3,00;3,00;2,00;2,00;5,00;5,00;3,00;4,00;4,00;4,00;5,00;No es tan completo como el Microsoft Word en cuanto a cuestiones del diseño, no hay tantas funciones.El hecho de que no esté dividido en páginas puede hacer difícil encontrar lo que buscamos de forma rápida.
2020-21;1,00;3,00;3,00;3,00;4,00;3,00;2,00;2,00;1,00;3,00;5,00;5,00;5,00;1,00;4,00;4,00;4,00;4,00;3,00;5,00;4,00;5,00;
2020-21;5,00;5,00;4,00;1,00;5,00;5,00;4,00;4,00;4,00;4,00;3,00;2,00;2,00;2,00;2,00;4,00;4,00;4,00;3,00;2,00;4,00;4,00;
2020-21;5,00;2,00;2,00;5,00;4,00;2,00;1,00;1,00;1,00;3,00;4,00;4,00;2,00;4,00;4,00;4,00;4,00;2,00;2,00;5,00;4,00;2,00;
2020-21;5,00;4,00;4,00;5,00;5,00;3,00;3,00;5,00;4,00;3,00;5,00;5,00;5,00;3,00;4,00;2,00;3,00;3,00;3,00;5,00;3,00;3,00;"- One Note funcionaba a ratos. Para alinear el texto y presentarlo de forma decente tuvimos que volcar todo el contenido a Word y terminar de editarlo así.&nbsp;- Como ventajas, pese a las dificultades intermitentes, nos ha permitido al grupo trabajar en un mismo documento y añadir día a día resultados experimentales e interpretaciones entre todos."
2020-21;1,00;5,00;3,00;1,00;1,00;4,00;5,00;5,00;5,00;5,00;1,00;1,00;4,00;4,00;3,00;4,00;4,00;3,00;4,00;4,00;5,00;5,00;Pros: rápido de navegar, fácil de coordinarse con los compañeros a la hora de escribir.Cons: no se pueden diseñar tablas complejas y editar fotos.
2020-21;5,00;4,00;5,00;5,00;5,00;4,00;5,00;5,00;5,00;5,00;3,00;4,00;1,00;5,00;4,00;5,00;5,00;5,00;3,00;1,00;4,00;5,00;
2020-21;1,00;2,00;3,00;5,00;3,00;1,00;1,00;1,00;2,00;1,00;4,00;4,00;4,00;2,00;5,00;1,00;1,00;1,00;1,00;5,00;4,00;2,00;"No se puede pasar a PDF sin que se mueva todo. Tarda en cargar y se cierra perdiendo información.&nbsp;"
2020-21;2,00;5,00;4,00;2,00;4,00;4,00;4,00;4,00;4,00;4,00;4,00;2,00;3,00;2,00;3,00;4,00;4,00;3,00;3,00;5,00;3,00;4,00;Es muy útil para el trabajo en equipo, pero las complicaciones son que no se pueden escribir varias personas a la vez en la misma página y la dificultad para incluir graficas y figuras porque no permite un buen ajuste del texto.La organización de los subapartados en algunos casos es repetitiva, quizás sería mas facil juntar los resultados con la conclusion y el procesamiento de datos
2020-21;3,00;2,00;3,00;4,00;4,00;2,00;3,00;4,00;3,00;3,00;4,00;4,00;4,00;3,00;4,00;5,00;4,00;3,00;3,00;2,00;4,00;4,00;"No había una correcta sincronización y en nuestro caso, tuvimos que recurrir otras herramientas para poder realizaraderno, por lo que dicho formato no me ha parecido muy práctico&nbsp;"
2020-21;1,00;3,00;1,00;3,00;4,00;2,00;3,00;3,00;4,00;3,00;1,00;5,00;5,00;3,00;3,00;4,00;4,00;4,00;5,00;5,00;4,00;3,00;
2020-21;5,00;4,00;3,00;3,00;5,00;3,00;4,00;1,00;5,00;3,00;4,00;4,00;2,00;2,00;4,00;2,00;3,00;2,00;3,00;5,00;2,00;2,00;"A veces falla y no cargan las cosas, y a la hora de elaborar el documento final para la entrega es difícil de editar y poner todo en una misma página y es más sencillo utilizar word, que tiene más opciones de edición y al estar todo en el mismo sitio no hay problemas en la conversión a PDF.&nbsp;Por otra parte está muy bien para que todos los del grupo lo vayan modificando y tener el documento compartido sin necesidad de estar enviándose cosas."
2020-21;1,00;3,00;2,00;4,00;4,00;3,00;3,00;3,00;3,00;3,00;4,00;5,00;3,00;3,00;4,00;3,00;3,00;3,00;3,00;4,00;3,00;4,00;"Cuando intentábamos trabajar los 3 miembros del equipo de forma simultánea, se producían continuamente cambios conflictivos en la página, lo que impedía el trabajo.&nbsp;"
2020-21;1,00;3,00;3,00;4,00;4,00;3,00;4,00;4,00;4,00;4,00;5,00;4,00;3,00;3,00;4,00;5,00;4,00;4,00;3,00;4,00;4,00;4,00;"Sobre todo el hecho de no poder escribir a la vez por miedo a que algo no se guardara correctamente es la mayor desventaja ya que hace que se pierda más tiempo.&nbsp;Como un pro, es verdad que puedes ir viendo los cuadernos de otros grupos y te puedes ir haciendo idea de lo que están haciendo en el laboratorio y eso está muy bien.&nbsp;"
2020-21;3,00;5,00;5,00;3,00;5,00;4,00;5,00;4,00;5,00;5,00;5,00;5,00;5,00;2,00;5,00;5,00;3,00;3,00;3,00;5,00;3,00;5,00;No poder escribir a la vez es una desventaja. Por otro lado hay cambios que no se guardan. pero es interesante que se guarde la mayor parte de lo que ecsribimos y en este curso dentro de la pandemia es importante tener acceso a la información de los compañeros para mantener la comunicación y poder repartir trabajo.
2020-21;2,00;5,00;3,00;1,00;2,00;5,00;5,00;4,00;5,00;5,00;1,00;1,00;3,00;4,00;1,00;4,00;4,00;4,00;3,00;3,00;3,00;4,00;
2020-21;3,00;4,00;4,00;3,00;2,00;4,00;4,00;4,00;4,00;4,00;2,00;2,00;1,00;1,00;1,00;4,00;2,00;2,00;3,00;4,00;3,00;3,00;"Es útil a la hora de incorporar contenidos en línea. Es cierto que un miembro del grupo tuvo problemas para conectarse en la versión de escritorio y eso pudo suponer ciertos inconvenientes y retrasos a la hora de sincronizar datos.&nbsp;A veces se echa en falta que no tenga ciertas herramientas (por ejemplo, edición de imágenes).&nbsp;"
2020-21;3,00;4,00;5,00;3,00;5,00;3,00;5,00;5,00;5,00;5,00;5,00;3,00;2,00;5,00;4,00;4,00;3,00;3,00;3,00;3,00;5,00;5,00;La sincronización es un poco lenta.
2020-21;5,00;4,00;2,00;2,00;4,00;4,00;3,00;4,00;4,00;4,00;4,00;3,00;3,00;5,00;4,00;4,00;3,00;2,00;2,00;5,00;5,00;3,00;La versión on-line tiene varias desventajas frente a la versión de aplicación descargable. Los que solo hemos podido utilizar la primera por diferentes motivos, se ha notado. Aún así, me parece que ha sido buena idea utilizar la aplicación :)
2020-21;3,00;2,00;2,00;5,00;4,00;1,00;1,00;3,00;2,00;2,00;4,00;5,00;5,00;2,00;3,00;4,00;4,00;3,00;3,00;5,00;4,00;2,00;A veces los cambios que hacía una compañera no aparecían hasta días después y muchas veces los cambios no se guardaban, por lo que a la vez tuvimos que trabajar con google drive para compartir documentos entre nosotras. Y además, no podíamos editar las 3 a la vez en el Note.
2020-21;1,00;2,00;2,00;5,00;3,00;1,00;1,00;1,00;1,00;1,00;5,00;5,00;5,00;5,00;3,00;5,00;5,00;5,00;3,00;4,00;5,00;3,00;Además de los ya indicados, me parece una plataforma que complica el trabajo en equipo comparado con otras ya existentes como Google Drive. En nuestro caso, hemos hecho todo en un documento de drive, y sólo copiábamos y pegábamos en el One Note.
2020-21;5,00;2,00;5,00;5,00;5,00;2,00;3,00;2,00;1,00;3,00;5,00;5,00;1,00;2,00;1,00;5,00;3,00;4,00;3,00;4,00;4,00;3,00;"Permite ver los cuadernos de otros grupos lo cual es muy positivo.&nbsp;No permite modificar el documento todos a la vez (conflictos en la versión). Para trabajar todos a la vez funciona mejor Google Docs por ej."
2020-21;1,00;4,00;4,00;3,00;2,00;3,00;2,00;3,00;5,00;4,00;1,00;1,00;2,00;5,00;4,00;4,00;3,00;2,00;4,00;3,00;4,00;4,00;
2020-21;1,00;1,00;1,00;5,00;3,00;1,00;1,00;1,00;1,00;1,00;5,00;5,00;5,00;5,00;5,00;5,00;5,00;5,00;3,00;4,00;5,00;3,00;"Me parece que hay otras opciones mejores para poder trabajar simultáneamente en grupo online, como Google Drive.&nbsp;Hemos tenido bastantes problemas de conflictos de versiones, por lo que solo podíamos editar el cuaderno uno de los integrantes del grupo, lo que ralentizaba el trabajo. Finalmente, decidimos utilizar Google Drive para poder hacer ediciones rápidas al mismo tiempo y copiar nuestro trabajo a OneNote una vez terminado.Creo que sería conveniente buscar otras opciones de trabajo, ya que en OneNote no funciona tan bien como otras."
2020-21;5,00;3,00;2,00;3,00;5,00;3,00;1,00;1,00;1,00;1,00;3,00;5,00;5,00;3,00;3,00;5,00;5,00;3,00;3,00;4,00;5,00;3,00;El OneNote de Teams a veces dejaba de funcionar y cambia el formato liando todo el documento.
2020-21;1,00;3,00;3,00;3,00;3,00;3,00;3,00;3,00;3,00;3,00;4,00;2,00;3,00;4,00;2,00;3,00;3,00;3,00;3,00;4,00;3,00;3,00;
2020-21;4,00;4,00;2,00;2,00;4,00;4,00;3,00;3,00;4,00;4,00;2,00;2,00;4,00;3,00;2,00;4,00;4,00;4,00;3,00;4,00;4,00;4,00;Para evitar conflictos del programa no deben escribir varias personas a la vez en la misma pagina
2020-21;1,00;4,00;2,00;2,00;4,00;4,00;4,00;4,00;4,00;4,00;1,00;1,00;1,00;1,00;1,00;1,00;1,00;1,00;1,00;5,00;1,00;5,00;Ninguno
2020-21;1,00;1,00;3,00;5,00;5,00;1,00;1,00;1,00;1,00;4,00;4,00;3,00;5,00;3,00;3,00;5,00;5,00;5,00;4,00;5,00;4,00;3,00;Nos funcionaba de forma bastante descoordinada y no hicimos uso de él apenas, solo los primeros días. Nos fue más cómodo trabajar con otras plataformas.
2020-21;1,00;4,00;3,00;2,00;4,00;4,00;5,00;4,00;5,00;4,00;2,00;1,00;3,00;1,00;3,00;4,00;4,00;3,00;3,00;1,00;5,00;5,00;
2020-21;1,00;2,00;1,00;4,00;2,00;2,00;2,00;3,00;3,00;3,00;5,00;3,00;5,00;5,00;5,00;5,00;5,00;4,00;1,00;2,00;3,00;3,00;sobre todo la sincronización de los cambios que hacíamos al trabajar ya que a veces tardaban días en aparecerle a la otra persona y no podíamos realizar cambios sobre ellos por lo que tuvimos que trabajar en google docs en paralelo y las versiones a veces se nos acababan mezclando.
2020-21;2,00;4,00;3,00;1,00;5,00;5,00;3,00;3,00;4,00;4,00;2,00;2,00;3,00;4,00;2,00;5,00;3,00;3,00;3,00;1,00;5,00;4,00;
2020-21;3,00;3,00;3,00;5,00;2,00;2,00;5,00;5,00;4,00;4,00;1,00;1,00;3,00;1,00;2,00;5,00;3,00;2,00;5,00;5,00;4,00;3,00;
2020-21;1,00;4,00;1,00;3,00;4,00;4,00;4,00;4,00;4,00;4,00;3,00;3,00;2,00;5,00;4,00;4,00;3,00;4,00;3,00;4,00;3,00;4,00;Hay bastantes complicaciones en la transformación del formato a pdf.Hay muchas opciones de texto que no están disponibles (respecto al formato, disposición, etc).Facilita la intercomunicación entre los diferentes grupos (usar la información que hayan escrito en su cuaderno otros grupos...).
2020-21;4,00;2,00;3,00;5,00;3,00;2,00;2,00;3,00;3,00;4,00;5,00;5,00;5,00;5,00;5,00;3,00;4,00;4,00;2,00;3,00;3,00;2,00;Hemos tenido que trabajar con Google Drive porque solo puede trabajar de 1 en 1 en OneNote sin que se creen varias versiones.El trabajo de pasarlo de Google Drive a OneNote es tedioso: las imágenes no se pegan recortadas a veces, los pies de tabla/figura se mueven de sitio, las numeraciones o listas pueden verse alteradas.
2020-21;1,00;5,00;4,00;1,00;5,00;5,00;4,00;5,00;5,00;5,00;1,00;1,00;2,00;1,00;1,00;5,00;5,00;5,00;3,00;4,00;5,00;5,00;"El trabajo con imágenes es costoso y hay que redactar todo en OneNote, pero luego las fotos editarlas en word y luego pasarlas y es un poco pesado.&nbsp;"
2020-21;1,00;2,00;4,00;5,00;1,00;2,00;2,00;3,00;2,00;2,00;5,00;4,00;5,00;5,00;5,00;2,00;3,00;3,00;3,00;4,00;3,00;3,00;La idea de trabajar conjuntamente mediante OneNote es buena, pero el programa necesita mejorar un poco en algunos aspectos, como en la actualización más rápida del documento de trabajo o la adquisición de más funciones similares a Word
2020-21;1,00;2,00;4,00;3,00;4,00;3,00;3,00;3,00;5,00;3,00;4,00;3,00;4,00;1,00;4,00;4,00;3,00;2,00;2,00;4,00;3,00;4,00;Faltaban algunas acciones que se pueden usar en otras aplicaciones como justificar el texto o poner símbolos (micro, subíndices, superíndices, etc.). También estaría bien poder agrupar elementos o editar un poco las imágenes.
2020-21;5,00;4,00;4,00;3,00;5,00;5,00;5,00;2,00;5,00;3,00;5,00;5,00;1,00;5,00;1,00;5,00;5,00;3,00;3,00;2,00;1,00;2,00;
2020-21;5,00;4,00;2,00;4,00;5,00;3,00;4,00;4,00;4,00;4,00;4,00;5,00;1,00;3,00;2,00;5,00;4,00;5,00;3,00;4,00;4,00;4,00;
2020-21;1,00;3,00;4,00;3,00;3,00;3,00;3,00;4,00;4,00;4,00;2,00;1,00;1,00;3,00;4,00;5,00;5,00;3,00;3,00;3,00;3,00;4,00;Es fácil compartir la información entre todos los miembros del grupo y ayudar a organizar conjuntamente las ideas para el diseño del experimento, pero es difícil convertirlo a otro formato como pdf (queda desorganizado el documento)
2020-21;1,00;1,00;3,00;5,00;4,00;2,00;2,00;2,00;1,00;1,00;5,00;5,00;3,00;4,00;3,00;4,00;4,00;3,00;3,00;3,00;2,00;2,00;"El One Note ha presentado grandes problemas de sincronización, al final cada miembro del equipo visualizaba una versión diferente, hasta el punto que uno de los miembros no podía siquiera editar el documento en One Note.&nbsp;Hemos tenido que emplear plataformas en paralelo, como Drive, para intentar coordinarnos mejor entre nosotros, y al final eso ha hecho que tengamos modificaciones en diferentes sitios y gastemos más tiempo copiando, pegando y aclarando en qué sitio constan las versiones en limpio"
2020-21;3,00;2,00;3,00;5,00;3,00;1,00;3,00;1,00;4,00;2,00;4,00;4,00;2,00;5,00;4,00;4,00;5,00;4,00;3,00;1,00;4,00;3,00;"Las funciones de Word son muy útiles para trabajar y crear algo más o menos bonito. No entiendo por qué no se puede emplear el Word con el documento guardado en la nube de OneDrive para el trabajo colaborativo. El OneNote tiene tantas limitaciones que resulta imposible crear un formato agradable y trabajar de manera cómoda.&nbsp;Por otra parte, la realización de un cuaderno conjunto colaborativo en la nube es muy cómodo y útil.&nbsp;"
2020-21;1,00;4,00;2,00;2,00;4,00;4,00;5,00;4,00;5,00;4,00;3,00;2,00;1,00;2,00;2,00;4,00;4,00;3,00;3,00;4,00;4,00;4,00;Estoy muy de acuerdo en el uso de esta plataforma en futuras prácticas. Los posibles contratiempos que hemos tenido este año con OneNote han sido principalmente por el desconocimiento del manejo de la aplicación
2020-21;2,00;3,00;4,00;4,00;3,00;2,00;2,00;2,00;3,00;3,00;4,00;4,00;4,00;5,00;5,00;4,00;3,00;4,00;4,00;4,00;4,00;4,00;
2020-21;1,00;2,00;3,00;3,00;3,00;3,00;3,00;3,00;3,00;3,00;3,00;3,00;3,00;3,00;3,00;3,00;3,00;3,00;3,00;3,00;3,00;3,00;
2020-21;1,00;4,00;2,00;2,00;4,00;5,00;5,00;5,00;5,00;5,00;3,00;2,00;3,00;5,00;3,00;5,00;4,00;3,00;3,00;2,00;4,00;4,00;Herramienta muy útil para poder trabajar simultáneamente con el resto del grupo. Adjuntar imágenes resulta complicado, además de poder colocarlas según tu gusto.
2020-21;1,00;2,00;2,00;5,00;3,00;3,00;2,00;4,00;5,00;5,00;4,00;4,00;4,00;5,00;5,00;;;;;;;;
2020-21;1,00;3,00;3,00;4,00;4,00;3,00;4,00;4,00;5,00;5,00;3,00;2,00;2,00;4,00;3,00;4,00;5,00;3,00;3,00;4,00;4,00;4,00;
2020-21;5,00;1,00;1,00;5,00;5,00;1,00;1,00;1,00;1,00;1,00;3,00;4,00;5,00;3,00;3,00;5,00;5,00;5,00;3,00;4,00;5,00;1,00;"No hemos usado One Note a la hora de trabajar por grupos, sino Google Drive que, al contrario que OneNote, permite que varias personas trabajen a la vez. Además OneNote es muy lento para cargar y un poco incómodo de usar en mi opinión. Google Drive es más rápido, cómodo e intuitivo, y creo que para el trabajo en grupo funciona mucho mejor. Es cierto que OneNote te permite dividir la información en diferentes secciones y subsecciones, y Google Drive no tiene tanta organización visual sino que son carpetas con archivos principalmente. Pero en nuestro caso, todo el trabajo lo hemos hecho en Google Drive, y luego copiábamos y pegábamos en OneNote para que nuestros profesores lo vieran. OneNote lo hemos usado únicamente para la comunicación con profesores y para ver lo que colgaban ellos ahí, pero no para el trabajo de esta asignatura que hemos hecho nosotros.&nbsp;"
2021-22;5;4;3;2;5;4;3;4;4;4;3;4;3;3;2;3;3;3;3;5;2;4;
2021-22;2;4;4;3;4;3;3;4;4;4;2;1;2;5;3;4;3;2;3;2;4;4;Some of the tools provided in OneNote do not meet our need in terms of completing the Laboratory Notebook and we had to make a final edit it in Word in order to include some graphics and other features.
2021-22;5;1;1;5;3;1;1;4;1;1;1;3;1;1;1;1;1;1;1;1;1;1;"Lo mejor creo que nos ha permitido leer el trabajo de los demás de manera más fácil pero sigo creyendo que no es la herramienta de trabajo adecuada. Muchas veces el texto no se veía bien, si dos personas estaban en la misma página daba problemas y escribir el texto directamente se hacía demasiado complicado.&nbsp;"
2021-22;1;4;3;4;2;4;4;2;5;5;5;3;4;4;5;4;4;5;4;3;4;4;- No se podía trabajar más de una persona en la misma página por la sincronización.- Podemos ver el trabajo de todo el mundo teniendo más puntos de vista.
2021-22;1;3;4;5;1;2;4;4;4;4;1;1;1;1;2;1;2;3;5;5;3;3;"Es bueno poder mirar lo que hacen otros grupos en ocasiones sirve para contrastar&nbsp;"
2021-22;1;5;5;1;5;5;5;5;5;5;3;2;1;1;2;3;3;1;1;5;3;4;"Me ha gustado mucho en general el programa OneNote, me ha parecido muy útil para el team work.La plantilla me parece limitante, no la hemos dado uso más que para orientar los temas a tratar en el cuaderno.&nbsp;"
2021-22;1;3;3;5;5;4;5;5;3;3;5;5;1;3;2;5;5;2;3;4;4;3;OneNote no permite justificar el texto y otras características que tienen otras plataformas.
2021-22;1;4;3;4;3;2;2;2;4;2;2;5;2;5;5;1;2;1;3;5;2;2;Opino que hacer el cuaderno de laboratorio por OneNote ayuda a trabajar en grupo y sincronizarse en tiempo real. También creo que no es muy util para escribir la versión final del cuaderno de laboratorio porque no permite adicionar y crear figuras (tablas, gráficas, esquemas...) de una manera tan sencilla. Por eso creo que la mayoría de nosotros no hemos prestado mucha atención al OneNote, porque no sabemos como usarlo correctamente.
2021-22;1;2;4;4;5;3;5;1;5;3;1;1;1;3;1;4;3;2;3;4;4;4;Word también tiene una opción de editar entre varios el mismo documento y tiene todas las funciones a las que estamos acostumbrados.En one note es muy apropiado para el seguimiento diario, y la opción de tener varias páginas es muy útil. Pero considero que para el cuaderno definitivo no es suficiente, porque no sabes cómo quedará realmente en pdf y le faltan funciones.
2021-22;1;3;3;3;4;3;3;3;3;3;5;4;3;5;4;2;3;3;3;4;3;3;La lentitud a la hora de que varios integrantes participen en elaborar el cuaderno al mismo tiempo
2021-22;2;2;4;4;4;2;4;3;4;4;4;3;3;3;4;3;2;3;4;3;2;2;
2021-22;2;3;3;4;2;3;4;4;5;4;5;3;5;1;3;4;4;3;3;5;4;4;"Muchos puntos de la plantilla usada para el cuaderno son repetitivos y es difícil decidir qué aspectos redactar en cada apartado. La sincronización y modificación de los documentos en OneNote es muy lenta.&nbsp;"
2021-22;4;3;3;4;5;3;3;3;4;4;4;2;3;3;3;3;4;5;3;3;3;3;
2021-22;4;3;2;4;2;3;2;1;4;3;4;4;2;4;2;3;3;4;3;4;4;4;Falta de ciertas características de Word, como por ejemplo, la posibilidad de recortar las fotos.
2021-22;1;2;2;4;3;2;3;3;4;3;4;2;2;3;4;2;3;3;3;4;2;3;El formato no era demasiado bueno a la hora de escribir varias personas a la vez. Tampoco es bueno para pasar información, ya sean textos o imágenes, desde otros documentos al one note. La información no se guardaba correctamente en algunas ocasiones.
2021-22;5;3;5;5;5;2;2;1;2;2;5;5;2;3;4;4;3;5;5;4;3;2;
2021-22;1;3;5;5;4;3;2;2;3;3;5;3;1;4;4;5;5;3;4;5;3;4;"Pros: a la hora de la obtención de resultados de algún paso del experimento, si no habían salido los esperados, se podía comparar con otro grupo al que si le hubiesen salido correctamente y así poder analizar donde habíamos fallado e intentar solucionarlo.&nbsp;Contras: el límite de páginas para los resultados de cada experimento considero que es poco, pues se necesita comentar las figuras que añades y además poner una conclusión."
2021-22;2;5;5;2;5;5;5;5;5;5;4;1;1;4;2;5;3;5;3;5;2;4;
2021-22;1;4;5;1;1;4;4;4;5;5;4;3;2;1;3;1;3;1;1;5;3;3;"La plantilla no nos ha parecido de ayuda. Hemos decidido seguir otra estructura que nos parece más sencilla, pero intentando incluir las diferentes secciones para la evaluación.&nbsp;Tener la plataforma OneNote sí que nos ha permitido facilitar el trabajo grupal para anotar las tareas realizadas durante cada día.&nbsp;"
2021-22;3;2;3;4;4;3;4;3;3;3;5;2;2;4;2;3;3;3;3;4;3;4;Pros:El hecho de poder observar cómo lo estaban planteando el resto de grupos nos permite tener una idea de cómo debería ir orientado nuestro experimento.Nos permite tener todos los integrantes del grupo lo que realizamos diariamenteel hecho de separar el contenido en secciones nos pareció muy cómodoContras:El hecho de no poder editar en un mismo documento, dificultaba la fluidez del cuadernoLa disposición de las imágenes y las tablas es algo rígida.
2021-22;5;4;2;3;5;5;3;5;5;5;2;5;3;4;3;4;4;5;1;3;3;5;"Hay activar la papelera porque se pueden borrar ciertas cosas y no se pueden recuperar después, nuestro grupo se eliminó el diario de laboratorio y al no tener la papelera no se pudo hacer nada&nbsp;"
2021-22;3;2;4;4;5;3;3;2;4;4;5;5;3;3;3;3;3;4;3;5;3;2;Contras:-Las imagenes y los cuadro de texto aparecen en diferentes posiciones para cada miembro del grupo, luego al intentar corregirlo generaba un caos.-No salen los cambios y hay problemas de coordinacion si hay variosPro:-Las subdivisiones y pestañas facilitan la organización
2021-22;2;3;4;5;2;3;3;5;5;3;3;3;1;2;1;5;4;4;4;5;3;5;Con el OneNote una de las ventajas es que se puede utilizar para la comunicación entre los miembros del grupo en todo momento, es una herramienta para escribir todo lo que sea necesario y que sea común para todos los miembros del grupo.Un contra es que no se vea la pantalla como la hoja de Word y daba un poco de confusión con respecto a las dimensiones de la hoja.
2021-22;4;4;2;3;4;4;4;4;4;4;4;4;3;3;2;;;;;;;;La principal ventaja que aporta OneNote es el trabajo colaborativo tanto entre miembros de los subrgrupos como de todos los grupos en general, lo cual permite poner los diferentes protocolos y resultados desarrollados durante el trabajo de laboratorio en comun para que todos puedan estar al tanto de las diferentes lineas de trabajo que se estan siguiendo, y poder ayudarse unos a otros a tener una vision general del proyecto.
2021-22;2;5;4;2;3;5;4;4;5;5;4;5;2;5;2;3;4;3;3;5;4;5;El hecho de que cualquier alumno pueda acceder sin problema a las notas de cualquier grupo podría no ser positivo.
2021-22;5;3;2;3;4;3;3;4;4;3;4;4;3;5;5;4;3;4;3;2;2;3;
2021-22;1;4;3;4;5;4;3;3;4;4;1;3;3;4;1;3;3;3;3;3;3;4;A veces hay fallos en la sincronización, pero por lo general su funcionamiento es muy rápido y permite un funcionamiento colaborativo bastante bueno. En el esquema de cómo ha de ser el cuaderno es algo repetitiva la sección de diseño experimental y la de lab record en el caso de que sea necesario poner lo mismo. Se echan en falta algunas de las funciones de procesado de textos (como en Word).
2021-22;5;4;4;3;5;3;4;2;4;4;2;2;2;5;5;5;5;2;3;3;4;4;Tuvimos un problema y perdimos nuestro diario. Fue un error que debió de ser puntual, pero de cara al año que viene, conviene que esté activada la papelera.
2021-22;1;3;3;5;5;3;3;3;3;3;5;5;4;4;3;4;3;2;5;1;2;1;"Es cierto que esta aplicación permite trabajar de manera entre distitnas personas pero el mayor inconveniente que le veo es que no permite usarse de manera simutánea. Muchas veces queríamos trabajar en distitnas secciones de una misma sección del cuardeno y esto no sobligaba a tener que redactarlo en un documento Word separado y luego juntarlo. Muchos grupos han usado Drive para poder trabajar simultáneamente y evitar este inconveniente de OneNote.&nbsp;"
2021-22;1;5;5;5;3;5;5;5;5;5;4;3;1;2;1;3;3;5;3;5;4;5;Pros te permite ver lo que hacen otros grupos. Cons procesa mal lo que escribes si escribimos varios del grupo a la vez
2021-22;1;1;3;5;3;1;1;2;2;1;1;2;2;2;1;1;1;3;3;3;2;1;
2021-22;1;4;5;3;2;4;4;4;4;4;3;4;2;2;3;3;4;2;2;5;4;3;Pros: mejor tener un guion, pero que se pueda modificar de acuerdo a los requerimientos del proyecto. en nuestro caso, por ejemplo, hemos fusionado protocolos con materiales y, encima de cada descripción de los experimentos, incluíamos los materiales y equipamiento utilizado.
2021-22;1;3;3;4;4;3;4;2;3;3;2;3;1;4;2;3;3;3;2;3;4;4;Pros: Permite trabajar bien en grupos y repartirse las tareas.Cons: No es fácil pasar el cuaderno a pdf.
2021-22;4;2;2;5;3;2;4;1;4;2;3;1;1;2;4;1;3;5;3;1;3;1;
2021-22;5;3;2;5;3;2;3;4;5;3;5;5;4;5;4;4;3;3;3;5;3;2;"Pros: permite trabajar todo los integrantes del grupo a la vez.&nbsp;Contra: si se trabaja en la misma hoja aparecen cambios conflictivos todo el rato. No se pueden recuperar notas perdidas. Se mueven las hojas a otros cuadernos.&nbsp;"
2021-22;1;3;4;1;5;4;2;2;5;4;3;2;2;1;3;4;4;5;3;2;4;2;
2021-22;5;3;3;5;2;1;4;3;4;3;4;3;1;4;4;4;4;4;4;4;4;3;
2021-22;1;4;4;5;5;3;5;3;5;3;5;5;3;5;2;1;1;3;3;5;1;4;Los principales incovenientes de OneNote son la lentitud de la sincronización en ocasiones, la aparición de versiones conflictivas y sobre todo que faltan muchas funciones presentes en Word, Excel, etc.
2021-22;1;2;4;3;2;3;3;4;4;3;4;4;3;3;2;4;4;3;3;3;4;3;Contras: Deberían activar la función de papelera por si hay algún problema y se borra una nota, poder recuperarla.Pros: Permite trabajar a todo el grupo a la vez sin dar demasiados problemas.
2021-22;5;3;2;4;5;3;4;1;4;3;2;2;4;4;2;3;3;3;2;4;4;5;"Pros: Permite trabajar en grupo. Me ha gustado utilizar otras ""aplicaciones"" nuevas que no conocía.&nbsp;Cons: Quizá hay algunas secciones un poco repetitivas (ej. procedimiento y lab record).&nbsp;Problemas al pasar el documento a pdf.&nbsp;Ha habido algún problema de sincronización.&nbsp;"
2021-22;1;4;4;2;5;5;3;3;3;3;2;2;2;1;1;4;4;4;3;3;3;4;
2021-22;1;4;1;1;2;5;4;4;3;4;4;4;1;2;2;3;2;3;4;2;2;4;"El template resulta redundante, hay que repetir las cosas en muchas secciones. Además, hay muchas secciones que se podría unir. Por ejemplo, los resultados y la discusión de los mismos quizás podrían ir en un mismo apartado.&nbsp;En cuanto a las ventajas, es una herramienta muy útil para trabajar en equipo, es un lugar de trabajo común al que todos debemos recurrir y facilita el trabajo de cara a que cada vez que tienes que anotar algo lo puedes hacer ahí y después, cuando necesitar saber algo para el trabajo final, sabes que tendrás toda la información necesaria en un mismo sitio. Además, da seguridad frente a usar otras aplicaciones en internet que no estén configuradas con la universidad y el correo institucional.&nbsp;"
2021-22;1;1;3;5;3;1;1;2;1;1;5;5;3;5;5;4;3;4;2;5;3;4;"It doesn't properly show the distribution of work that was done by each member (for example, just by adding a word it will show that the entire paragraph was written/edited by 1 person).&nbsp;The flaws in the synchronization didn't allow us to to work in the speed we would have wanted."
2021-22;4;3;2;4;3;4;5;3;4;4;5;2;2;5;4;3;3;4;4;5;4;4;
2021-22;1;4;3;4;5;3;3;1;5;5;5;2;4;5;5;3;2;3;3;2;2;3;
2021-22;4;3;3;4;3;3;3;4;4;4;5;5;3;3;4;4;3;4;3;4;3;4;"Contra: Las imágenes y los cuadros de texto aparecen en diferentes posiciones para cada miembro del grupo.&nbsp;Contra: No salen los cambios cuando hay varios trabajando.&nbsp;Pro: Permite el trabajo en equipo.&nbsp;Contra: Se mueven las hojas a las secciones de otros grupos.&nbsp;"
2021-22;3;5;5;1;4;5;5;5;5;5;4;2;2;3;2;4;3;4;4;5;3;5;Pros:Permite acceder desde varios ordenadores a la misma información.Se puede consultar la información entre todos los grupos.Permite que todos los miembros trabajemos sobre el mismo documentoCons:A veces la sincronización puede tardar un dia en llegar a todos los miembros del grupo.Las tablas no permiten un buen formato de las mismas.
2021-22;1;4;4;4;4;4;4;4;4;4;2;4;1;4;1;2;4;3;3;5;4;3;"Pros:- Permite una mejor organización, al haber diferentes secciones y páginas.- Permite a varias personas trabajar sobre un mismo documento.- Permite visualizar los nuevos comentarios.&nbsp;Contras:&nbsp;- Problemas de sincronización.&nbsp;- Conflictos de versiones.&nbsp;"
2021-22;1;3;2;4;4;3;3;3;4;4;5;3;1;5;4;4;3;1;3;5;4;5;"No es una aplicación adecuada para el empleo de tablas.&nbsp;"
2021-22;4;4;3;2;4;4;3;2;4;4;4;2;4;3;2;;;;;;;;
2021-22;2;3;3;4;1;2;3;3;4;3;4;5;5;3;5;5;4;3;3;4;4;3;"OneNote me parece una buena herramienta para trabajar en equipo y que todos tengamos acceso al trabajo del resto, lo que facilita en algunas ocasiones el trabajo.Por otro lado, hemos tenido bastantes problemas con la sincronización, ya que si estábamos escribiendo varias personas a la vez, tardaba demasiado tiempo en incluirse la versión final y esto nos desesperaba.&nbsp;"
2021-22;1;4;1;3;3;4;3;3;4;4;3;4;3;3;3;2;2;3;3;4;3;4;
2021-22;1;5;3;1;4;4;4;3;5;4;2;3;3;1;1;;;;;;;;
2021-22;2;3;2;3;3;3;3;4;4;4;4;4;3;5;2;1;1;3;1;1;1;4;"La idea de tener una aplicación en la que poder participar todos está genial. Pero es verdad que la aplicación en cuestión todavía tiene que mejorarse porque tiene muchas menos funcionalidades y se pilla bastante.&nbsp;"
2021-22;1;2;4;5;3;3;3;2;4;4;4;5;4;4;3;3;4;2;1;4;3;3;"Cuando hay mucha gente conectada, la plataforma se vuelve loca, y deja de funcionar.&nbsp;"
2021-22;1;3;4;3;5;4;5;5;5;5;5;5;3;5;2;5;4;3;1;4;5;3;"No se puede exportar directamente a PDF porque no sale bien.&nbsp;"
2021-22;3;4;4;3;5;4;3;2;4;4;5;4;2;2;4;4;3;2;3;3;3;2;Contra: algunas funciones de formato y ese tipo de cosas no existen.
2021-22;5;3;4;3;4;3;3;3;4;4;5;2;4;3;4;4;4;4;4;2;3;3;
2021-22;1;3;4;5;1;1;3;3;2;1;5;5;5;5;5;3;3;3;5;5;3;3;"no se puede trabajar en el cuando varias personas están conectadas, el programa fallaba cada dos por tres.&nbsp;no permitía editar imágenes a nuestro gusto, y&nbsp; por lo tanto, no se correspondía con la estructura que queríamos seguir en el cuaderno de laboratorio.&nbsp;"